YEAR,WGMS_ID,POLITICAL_UNIT,NAME,AREA,WINTER_BALANCE,SUMMER_BALANCE,ANNUAL_BALANCE,REMARKS
1949,302,NO,STORBREEN,5.73,2280.0,-2080.0,200.0,Original
1950,302,NO,STORBREEN,5.73,1520.0,-1810.0,-290.0,Original
1951,302,NO,STORBREEN,5.73,1130.0,-1670.0,-540.0,Original
1952,302,NO,STORBREEN,5.73,1440.0,-1130.0,310.0,Original
1953,302,NO,STORBREEN,5.73,1400.0,-2250.0,-850.0,Original
1954,302,NO,STORBREEN,5.73,1210.0,-1980.0,-770.0,Original
1955,302,NO,STORBREEN,5.73,1570.0,-2060.0,-490.0,Original
1956,302,NO,STORBREEN,5.73,1310.0,-1480.0,-170.0,Original
1957,302,NO,STORBREEN,5.73,1420.0,-1370.0,50.0,Original
1958,302,NO,STORBREEN,5.73,1540.0,-1620.0,-80.0,Original
1959,302,NO,STORBREEN,5.73,1070.0,-2350.0,-1280.0,Original
1960,302,NO,STORBREEN,5.73,980.0,-2070.0,-1090.0,Original
1961,302,NO,STORBREEN,5.73,1100.0,-1620.0,-520.0,Original
1962,302,NO,STORBREEN,5.73,1540.0,-820.0,720.0,Original
1963,302,NO,STORBREEN,5.73,960.0,-2140.0,-1180.0,Original
1964,302,NO,STORBREEN,5.73,1160.0,-950.0,210.0,Original
1965,302,NO,STORBREEN,5.73,1540.0,-1200.0,340.0,Original
1966,302,NO,STORBREEN,5.73,1250.0,-1860.0,-610.0,Original
1967,302,NO,STORBREEN,5.73,1890.0,-1170.0,720.0,Original
1968,302,NO,STORBREEN,5.5999999,1640.0,-1590.0,50.0,Original
1969,302,NO,STORBREEN,5.5999999,1220.0,-2640.0,-1420.0,Original
1970,302,NO,STORBREEN,5.5999999,970.0,-1690.0,-720.0,Original
1971,302,NO,STORBREEN,5.5999999,1460.0,-1280.0,180.0,Original
1972,302,NO,STORBREEN,5.5999999,1390.0,-1700.0,-310.0,Original
1973,302,NO,STORBREEN,5.5999999,1480.0,-1400.0,80.0,Original
1974,302,NO,STORBREEN,5.5999999,1260.0,-1020.0,240.0,Original
1975,302,NO,STORBREEN,5.5999999,1550.0,-1700.0,-150.0,Original
1976,302,NO,STORBREEN,5.5999999,1810.0,-1900.0,-90.0,Original
1977,302,NO,STORBREEN,5.5999999,940.0,-1480.0,-540.0,Original
1978,302,NO,STORBREEN,5.5999999,1260.0,-1700.0,-440.0,Original
1979,302,NO,STORBREEN,5.5999999,1550.0,-1450.0,100.0,Original
1980,302,NO,STORBREEN,5.5999999,990.0,-2300.0,-1310.0,Original
1981,302,NO,STORBREEN,5.5999999,1300.0,-1400.0,-100.0,Original
1982,302,NO,STORBREEN,5.5999999,1280.0,-1750.0,-470.0,Original
1983,302,NO,STORBREEN,5.5999999,1900.0,-1700.0,200.0,Original
1984,302,NO,STORBREEN,5.3499999,1700.0,-2000.0,-300.0,Original
1985,302,NO,STORBREEN,5.3499999,1200.0,-1600.0,-400.0,Original
1986,302,NO,STORBREEN,5.3499999,1050.0,-1370.0,-320.0,Original
1987,302,NO,STORBREEN,5.2600002,1550.0,-1230.0,320.0,Original
1988,302,NO,STORBREEN,5.2600002,1450.0,-2400.0,-950.0,Original
1989,302,NO,STORBREEN,5.2600002,2300.0,-1100.0,1200.0,Original
1990,302,NO,STORBREEN,5.25,2595.0,-1341.0,1254.0,Original
1991,302,NO,STORBREEN,5.3499999,1276.0,-1349.0,-73.0,Homogenized
1992,302,NO,STORBREEN,5.3499999,1623.0,-1492.0,130.0,Homogenized
1993,302,NO,STORBREEN,5.3499999,1819.0,-1010.0,808.0,Homogenized
1994,302,NO,STORBREEN,5.3499999,1530.0,-1740.0,-209.0,Homogenized
1995,302,NO,STORBREEN,5.3499999,1790.0,-1892.0,-102.0,Homogenized
1996,302,NO,STORBREEN,5.3499999,827.0,-1797.0,-969.0,Homogenized
1997,302,NO,STORBREEN,5.3499999,1772.0,-2736.0,-964.0,Homogenized
1998,302,NO,STORBREEN,5.3499999,1551.0,-1331.0,220.0,Original
1999,302,NO,STORBREEN,5.3499999,1666.0,-1904.0,-237.0,Original
2000,302,NO,STORBREEN,5.3499999,2039.0,-1490.0,548.0,Original
2001,302,NO,STORBREEN,5.3499999,1045.0,-1324.0,-279.0,Original
2002,302,NO,STORBREEN,5.3499999,1086.0,-2872.0,-1786.0,Original
2003,302,NO,STORBREEN,5.1420001,1066.0,-2785.0,-1723.0,Homogenized
2004,302,NO,STORBREEN,5.1420001,970.0,-1713.0,-744.0,Homogenized
2005,302,NO,STORBREEN,5.1420001,1772.0,-2040.0,-233.0,Homogenized
2006,302,NO,STORBREEN,5.1420001,808.0,-3079.0,-2271.0,Homogenized
2007,302,NO,STORBREEN,5.1420001,1302.0,-1812.0,-509.0,Homogenized
2008,302,NO,STORBREEN,5.1420001,1904.0,-2006.0,-102.0,Homogenized
2009,302,NO,STORBREEN,5.1420001,1601.0,-1825.0,-223.0,Original
2010,302,NO,STORBREEN,5.1420001,787.0,-2553.0,-1765.0,Original
2011,302,NO,STORBREEN,5.1420001,986.0,-2570.0,-1584.0,Original
2012,302,NO,STORBREEN,5.1420001,1677.0,-1618.0,58.0,Original
2013,302,NO,STORBREEN,5.1420001,1309.0,-2470.0,-1160.0,Original
2014,302,NO,STORBREEN,5.1420001,1571.0,-2739.0,-1167.0,Original
2015,302,NO,STORBREEN,5.1420001,1515.0,-1028.0,486.0,Original
2016,302,NO,STORBREEN,5.1407251,,,-1020.0,Preliminary value NVE
