YEAR,WGMS_ID,POLITICAL_UNIT,NAME,AREA,WINTER_BALANCE,SUMMER_BALANCE,ANNUAL_BALANCE,REMARKS
1966,94,US,WOLVERINE,17.24,1510.0,-1900.0,-390.0,"Note by Shad ONeel (USGS, Anchorage): Mass balances are extrapolated from floating-date measured values to modelled glacier-averaged maximum and minimum dates and values of the stratigraphic system."
1967,94,US,WOLVERINE,17.2199076,1330.0,-1330.0,0.0,"Note by Shad ONeel (USGS, Anchorage): Mass balances are extrapolated from floating-date measured values to modelled glacier-averaged maximum and minimum dates and values of the stratigraphic system."
1968,94,US,WOLVERINE,17.1998153,1730.0,-2800.0,-1070.0,"Note by Shad ONeel (USGS, Anchorage): Mass balances are extrapolated from floating-date measured values to modelled glacier-averaged maximum and minimum dates and values of the stratigraphic system."
1969,94,US,WOLVERINE,17.179723000000003,2120.0,-2150.0,-30.0,"Note by Shad ONeel (USGS, Anchorage): Mass balances are extrapolated from floating-date measured values to modelled glacier-averaged maximum and minimum dates and values of the stratigraphic system."
1970,94,US,WOLVERINE,17.1596307,3140.0,-1620.0,1520.0,"Note by Shad ONeel (USGS, Anchorage): Mass balances are extrapolated from floating-date measured values to modelled glacier-averaged maximum and minimum dates and values of the stratigraphic system."
1971,94,US,WOLVERINE,17.1395384,2580.0,-2480.0,100.0,"Note by Shad ONeel (USGS, Anchorage): Mass balances are extrapolated from floating-date measured values to modelled glacier-averaged maximum and minimum dates and values of the stratigraphic system."
1972,94,US,WOLVERINE,17.1194461,1110.0,-2060.0,-950.0,"Note by Shad ONeel (USGS, Anchorage): Mass balances are extrapolated from floating-date measured values to modelled glacier-averaged maximum and minimum dates and values of the stratigraphic system."
1973,94,US,WOLVERINE,17.0993538,2100.0,-1630.0,470.0,"Note by Shad ONeel (USGS, Anchorage): Mass balances are extrapolated from floating-date measured values to modelled glacier-averaged maximum and minimum dates and values of the stratigraphic system."
1974,94,US,WOLVERINE,17.079261499999998,1480.0,-2690.0,-1210.0,"Note by Shad ONeel (USGS, Anchorage): Mass balances are extrapolated from floating-date measured values to modelled glacier-averaged maximum and minimum dates and values of the stratigraphic system."
1975,94,US,WOLVERINE,17.0591692,2090.0,-2320.0,-230.0,"Note by Shad ONeel (USGS, Anchorage): Mass balances are extrapolated from floating-date measured values to modelled glacier-averaged maximum and minimum dates and values of the stratigraphic system."
1976,94,US,WOLVERINE,17.039076899999998,1570.0,-2420.0,-850.0,"Note by Shad ONeel (USGS, Anchorage): Mass balances are extrapolated from floating-date measured values to modelled glacier-averaged maximum and minimum dates and values of the stratigraphic system."
1977,94,US,WOLVERINE,17.018984600000003,3740.0,-2500.0,1240.0,"Note by Shad ONeel (USGS, Anchorage): Mass balances are extrapolated from floating-date measured values to modelled glacier-averaged maximum and minimum dates and values of the stratigraphic system."
1978,94,US,WOLVERINE,16.9988923,2930.0,-2490.0,440.0,"Note by Shad ONeel (USGS, Anchorage): Mass balances are extrapolated from floating-date measured values to modelled glacier-averaged maximum and minimum dates and values of the stratigraphic system."
1979,94,US,WOLVERINE,16.9788,1780.0,-3080.0,-1300.0,"Note by Shad ONeel (USGS, Anchorage): Mass balances are extrapolated from floating-date measured values to modelled glacier-averaged maximum and minimum dates and values of the stratigraphic system."
1980,94,US,WOLVERINE,16.971575,2550.0,-690.0,1860.0,"Note by Shad ONeel (USGS, Anchorage): Mass balances are extrapolated from floating-date measured values to modelled glacier-averaged maximum and minimum dates and values of the stratigraphic system."
1981,94,US,WOLVERINE,16.96435,5690.0,-2530.0,3160.0,"Note by Shad ONeel (USGS, Anchorage): Mass balances are extrapolated from floating-date measured values to modelled glacier-averaged maximum and minimum dates and values of the stratigraphic system."
1982,94,US,WOLVERINE,16.957125,2170.0,-2280.0,-110.0,"Note by Shad ONeel (USGS, Anchorage): Mass balances are extrapolated from floating-date measured values to modelled glacier-averaged maximum and minimum dates and values of the stratigraphic system."
1983,94,US,WOLVERINE,16.9499,2330.0,-2630.0,-300.0,"Note by Shad ONeel (USGS, Anchorage): Mass balances are extrapolated from floating-date measured values to modelled glacier-averaged maximum and minimum dates and values of the stratigraphic system."
1984,94,US,WOLVERINE,16.942675,2370.0,-2620.0,-250.0,"Note by Shad ONeel (USGS, Anchorage): Mass balances are extrapolated from floating-date measured values to modelled glacier-averaged maximum and minimum dates and values of the stratigraphic system."
1985,94,US,WOLVERINE,16.93545,2440.0,-1480.0,960.0,"Note by Shad ONeel (USGS, Anchorage): Mass balances are extrapolated from floating-date measured values to modelled glacier-averaged maximum and minimum dates and values of the stratigraphic system."
1986,94,US,WOLVERINE,16.928225,2290.0,-2390.0,-100.0,"Note by Shad ONeel (USGS, Anchorage): Mass balances are extrapolated from floating-date measured values to modelled glacier-averaged maximum and minimum dates and values of the stratigraphic system."
1987,94,US,WOLVERINE,16.921,3160.0,-1830.0,1330.0,"Note by Shad ONeel (USGS, Anchorage): Mass balances are extrapolated from floating-date measured values to modelled glacier-averaged maximum and minimum dates and values of the stratigraphic system."
1988,94,US,WOLVERINE,16.913775,3090.0,-2210.0,880.0,"Note by Shad ONeel (USGS, Anchorage): Mass balances are extrapolated from floating-date measured values to modelled glacier-averaged maximum and minimum dates and values of the stratigraphic system."
1989,94,US,WOLVERINE,16.90655,1650.0,-3090.0,-1440.0,"Note by Shad ONeel (USGS, Anchorage): Mass balances are extrapolated from floating-date measured values to modelled glacier-averaged maximum and minimum dates and values of the stratigraphic system."
1990,94,US,WOLVERINE,16.899325,1570.0,-3740.0,-2170.0,"Note by Shad ONeel (USGS, Anchorage): Mass balances are extrapolated from floating-date measured values to modelled glacier-averaged maximum and minimum dates and values of the stratigraphic system."
1991,94,US,WOLVERINE,16.8921,2010.0,-1870.0,140.0,"Note by Shad ONeel (USGS, Anchorage): Mass balances are extrapolated from floating-date measured values to modelled glacier-averaged maximum and minimum dates and values of the stratigraphic system."
1992,94,US,WOLVERINE,16.884875,2040.0,-2230.0,-190.0,"Note by Shad ONeel (USGS, Anchorage): Mass balances are extrapolated from floating-date measured values to modelled glacier-averaged maximum and minimum dates and values of the stratigraphic system."
1993,94,US,WOLVERINE,16.87765,2510.0,-3210.0,-700.0,"Note by Shad ONeel (USGS, Anchorage): Mass balances are extrapolated from floating-date measured values to modelled glacier-averaged maximum and minimum dates and values of the stratigraphic system."
1994,94,US,WOLVERINE,16.870425,2140.0,-2980.0,-840.0,"Note by Shad ONeel (USGS, Anchorage): Mass balances are extrapolated from floating-date measured values to modelled glacier-averaged maximum and minimum dates and values of the stratigraphic system."
1995,94,US,WOLVERINE,16.8632,2470.0,-4310.0,-1840.0,"Note by Shad ONeel (USGS, Anchorage): Mass balances are extrapolated from floating-date measured values to modelled glacier-averaged maximum and minimum dates and values of the stratigraphic system."
1996,94,US,WOLVERINE,16.8376,1340.0,-2640.0,-1300.0,"Note by Shad ONeel (USGS, Anchorage): Mass balances are extrapolated from floating-date measured values to modelled glacier-averaged maximum and minimum dates and values of the stratigraphic system."
1997,94,US,WOLVERINE,16.812,1960.0,-3750.0,-1790.0,"Note by Shad ONeel (USGS, Anchorage): Mass balances are extrapolated from floating-date measured values to modelled glacier-averaged maximum and minimum dates and values of the stratigraphic system."
1998,94,US,WOLVERINE,16.7864,2840.0,-2160.0,680.0,"Note by Shad ONeel (USGS, Anchorage): Mass balances are extrapolated from floating-date measured values to modelled glacier-averaged maximum and minimum dates and values of the stratigraphic system."
1999,94,US,WOLVERINE,16.777,1960.0,-2640.0,-680.0,"Note by Shad ONeel (USGS, Anchorage): Mass balances are extrapolated from floating-date measured values to modelled glacier-averaged maximum and minimum dates and values of the stratigraphic system."
2000,94,US,WOLVERINE,16.7676,2430.0,-1760.0,670.0,"Note by Shad ONeel (USGS, Anchorage): Mass balances are extrapolated from floating-date measured values to modelled glacier-averaged maximum and minimum dates and values of the stratigraphic system."
2001,94,US,WOLVERINE,16.7582,3430.0,-3100.0,330.0,"Note by Shad ONeel (USGS, Anchorage): Mass balances are extrapolated from floating-date measured values to modelled glacier-averaged maximum and minimum dates and values of the stratigraphic system."
2002,94,US,WOLVERINE,16.7488,2370.0,-2910.0,-540.0,"Note by Shad ONeel (USGS, Anchorage): Mass balances are extrapolated from floating-date measured values to modelled glacier-averaged maximum and minimum dates and values of the stratigraphic system."
2003,94,US,WOLVERINE,16.7394,2020.0,-2320.0,-300.0,"Note by Shad ONeel (USGS, Anchorage): Mass balances are extrapolated from floating-date measured values to modelled glacier-averaged maximum and minimum dates and values of the stratigraphic system."
2004,94,US,WOLVERINE,16.73,2130.0,-4360.0,-2230.0,"Note by Shad ONeel (USGS, Anchorage): Mass balances are extrapolated from floating-date measured values to modelled glacier-averaged maximum and minimum dates and values of the stratigraphic system."
2005,94,US,WOLVERINE,16.7206,2030.0,-3760.0,-1730.0,"Note by Shad ONeel (USGS, Anchorage): Mass balances are extrapolated from floating-date measured values to modelled glacier-averaged maximum and minimum dates and values of the stratigraphic system."
2006,94,US,WOLVERINE,16.7112,2720.0,-3540.0,-820.0,"Note by Shad ONeel (USGS, Anchorage): Mass balances are extrapolated from floating-date measured values to modelled glacier-averaged maximum and minimum dates and values of the stratigraphic system."
2007,94,US,WOLVERINE,16.7018,1880.0,-2660.0,-780.0,"Note by Shad ONeel (USGS, Anchorage): Mass balances are extrapolated from floating-date measured values to modelled glacier-averaged maximum and minimum dates and values of the stratigraphic system."
2008,94,US,WOLVERINE,16.69,3460.0,-2580.0,880.0,
2009,94,US,WOLVERINE,16.68,1450.0,-3230.0,-1780.0,
2010,94,US,WOLVERINE,,2474.0,-2559.0,-85.0,
2011,94,US,WOLVERINE,,,,-1210.0,
2012,94,US,WOLVERINE,16.04,,,510.0,
2013,94,US,WOLVERINE,16.0,1900.0,-4200.0,-2300.0,
2014,94,US,WOLVERINE,16.0,1600.0,-3100.0,-1500.0,raw glaciological values. Geodetically adjusted Ba value would be: -2000 mm w.e.
2015,94,US,WOLVERINE,15.9,2000.0,-2700.0,-700.0,raw glaciological values; geodetically corrected Ba: -1100 mm w.e.
2016,94,US,WOLVERINE,15.8999996,3200.0,-3700.0,-400.0,
