YEAR,WGMS_ID,POLITICAL_UNIT,NAME,AREA,WINTER_BALANCE,SUMMER_BALANCE,ANNUAL_BALANCE,REMARKS
2008,3903,AR,BROWN SUPERIOR,0.221,1250.0,-1787.0,-537.0,
2009,3903,AR,BROWN SUPERIOR,0.223,983.0,-1980.0,-997.0,
2010,3903,AR,BROWN SUPERIOR,0.209,366.0,-1395.0,-1029.0,
2011,3903,AR,BROWN SUPERIOR,0.196,317.0,-2362.0,-2045.0,
2012,3903,AR,BROWN SUPERIOR,0.191,575.0,-2112.0,-1537.0,
2013,3903,AR,BROWN SUPERIOR,,,,-823.0,
2014,3903,AR,BROWN SUPERIOR,,,,-1359.0,preliminary value
2015,3903,AR,BROWN SUPERIOR,0.1751,-204.0,-2125.0,-2387.0,
