YEAR,WGMS_ID,POLITICAL_UNIT,NAME,AREA,WINTER_BALANCE,SUMMER_BALANCE,ANNUAL_BALANCE,REMARKS
2008,3904,AR,LOS AMARILLOS,1.063,672.0,-868.0,-196.0,
2009,3904,AR,LOS AMARILLOS,1.083,,,-654.0,
2010,3904,AR,LOS AMARILLOS,0.98,,,-1089.0,
2011,3904,AR,LOS AMARILLOS,0.992,,,-756.0,
2012,3904,AR,LOS AMARILLOS,0.954,,,-750.0,
2013,3904,AR,LOS AMARILLOS,,,,-477.0,
2014,3904,AR,LOS AMARILLOS,,,,-950.0,preliminary value
2015,3904,AR,LOS AMARILLOS,0.7796,-235.0,-861.0,-1097.0,The summer mass balance of the whole glacier was adjusted using energy and hydric balances. The error was 15% for net balance and 17% for seasonal terms.
