YEAR,WGMS_ID,POLITICAL_UNIT,NAME,AREA,WINTER_BALANCE,SUMMER_BALANCE,ANNUAL_BALANCE,REMARKS
2007,578,AT,ZETTALUNITZ/MULLWITZ K.,3.083,674.0,-2121.0,-1447.0,
2008,578,AT,ZETTALUNITZ/MULLWITZ K.,3.084,1410.0,-2052.0,-642.0,
2009,578,AT,ZETTALUNITZ/MULLWITZ K.,3.026,1519.0,-2006.0,-487.0,
2010,578,AT,ZETTALUNITZ/MULLWITZ K.,3.026,1307.0,-1797.0,-490.0,
2011,578,AT,ZETTALUNITZ/MULLWITZ K.,2.931,824.0,-2127.0,-1303.0,
2012,578,AT,ZETTALUNITZ/MULLWITZ K.,2.931,1496.0,-2772.0,-1276.0,
2013,578,AT,ZETTALUNITZ/MULLWITZ K.,3.016,1677.0,-1677.0,-218.0,
2014,578,AT,ZETTALUNITZ/MULLWITZ K.,2.931,1161.0,-1044.0,117.0,
2015,578,AT,ZETTALUNITZ/MULLWITZ K.,2.798,1367.0,-2966.0,-1599.0,Calculated from submitted values.
