YEAR,WGMS_ID,POLITICAL_UNIT,NAME,AREA,WINTER_BALANCE,SUMMER_BALANCE,ANNUAL_BALANCE,REMARKS
2008,3350,GL,FREYA,5.3042,694.0,-1211.0,-517.0,Data series homogenized in 2015.
2009,3350,GL,FREYA,5.3042,,,-475.0,Data series homogenized in 2015.
2010,3350,GL,FREYA,5.3042,,,-812.0,Data series homogenized in 2015.
2011,3350,GL,FREYA,5.3042,,,-935.0,Data series homogenized in 2015.
2012,3350,GL,FREYA,5.3042,916.0,-1113.0,-197.0,Data series homogenized in 2015.
2013,3350,GL,FREYA,5.3042,190.0,-1584.0,-1394.0,Data series homogenized in 2015.
2014,3350,GL,FREYA,5.3042001,1104.0,-710.0,394.0,
2015,3350,GL,FREYA,5.3042001,935.0,-838.0,97.0,
