YEAR,WGMS_ID,POLITICAL_UNIT,NAME,AREA,WINTER_BALANCE,SUMMER_BALANCE,ANNUAL_BALANCE,REMARKS
1986,342,SE,RIUKOJIETNA,4.6,1230.0,-1770.0,-540.0,
1987,342,SE,RIUKOJIETNA,4.59,1070.0,-1330.0,-260.0,
1988,342,SE,RIUKOJIETNA,4.59,1130.0,-1040.0,-910.0,
1989,342,SE,RIUKOJIETNA,4.6,,,890.0,
1990,342,SE,RIUKOJIETNA,4.6,1410.0,-1200.0,210.0,
1991,342,SE,RIUKOJIETNA,4.2,,,80.0,
1992,342,SE,RIUKOJIETNA,4.2,2120.0,-1533.0,586.0,
1993,342,SE,RIUKOJIETNA,4.2,2180.0,-1830.0,350.0,
1994,342,SE,RIUKOJIETNA,4.2,1003.0,-1298.0,-295.0,
1995,342,SE,RIUKOJIETNA,4.2,1452.0,-1199.0,253.0,
1996,342,SE,RIUKOJIETNA,4.648,1400.0,-1450.0,-60.0,Dyurgerov M. (2002)
1997,342,SE,RIUKOJIETNA,4.648,1700.0,-2680.0,-980.0,Dyurgerov M. (2002)
1998,342,SE,RIUKOJIETNA,,,,-840.0,
1999,342,SE,RIUKOJIETNA,4.648,917.0,-1718.0,-801.0,Data reported by Per Holmlund.
2000,342,SE,RIUKOJIETNA,4.648,1411.0,-1723.0,-312.0,Data reported by Per Holmlund.
2001,342,SE,RIUKOJIETNA,4.246,590.0,-2320.0,-1730.0,
2002,342,SE,RIUKOJIETNA,4.648,1390.0,-3220.0,-1830.0,
2003,342,SE,RIUKOJIETNA,4.168,1230.0,-3010.0,-1780.0,
2005,342,SE,RIUKOJIETNA,4.651,1330.0,-1680.0,-350.0,
2006,342,SE,RIUKOJIETNA,4.6512,810.0,-2210.0,-1400.0,
2007,342,SE,RIUKOJIETNA,4.6512,1260.0,-2220.0,-960.0,
2008,342,SE,RIUKOJIETNA,4.6512,860.0,-1460.0,-590.0,
2009,342,SE,RIUKOJIETNA,4.6512,1260.0,-1980.0,-720.0,
2010,342,SE,RIUKOJIETNA,4.6512,640.0,-1600.0,-960.0,
2011,342,SE,RIUKOJIETNA,4.6512,1690.0,-2770.0,-1080.0,
2012,342,SE,RIUKOJIETNA,4.648378,870.0,-970.0,-90.0,
2015,342,SE,RIUKOJIETNA,2.7904999,1410.0,-1370.0,40.0,
